consultorio_id,cid,place_id,es_ortodoncia,tipo_establecimiento,estado_registro,consultorio_id_maestro,motivo_duplicado,fuente_listado,en_muestra_estudio,estrato_muestra,fecha_alta,fecha_ultima_captura
C-0001,10000000000000000001,ChIJfix00001,true,clinica_multisilla,activo,,,google_maps,true,sintetico-capital_principal,2026-09-01,2026-09-12
C-0002,10000000000000000002,ChIJfix00002,true,consultorio_individual,activo,,,google_maps,true,sintetico-capital_principal,2026-09-01,2026-09-12
C-0003,10000000000000000003,ChIJfix00003,true,consultorio_individual,activo,,,google_maps,true,sintetico-capital_principal,2026-09-01,2026-09-12
C-0004,10000000000000000004,ChIJfix00004,true,consultorio_individual,activo,,,google_maps,true,sintetico-capital_principal,2026-09-01,2026-09-12
C-0005,10000000000000000005,ChIJfix00005,true,consultorio_individual,activo,,,google_maps,true,sintetico-capital_principal,2026-09-01,2026-09-12
C-0006,10000000000000000006,ChIJfix00006,true,consultorio_individual,activo,,,google_maps,true,sintetico-capital_principal,2026-09-01,2026-09-12
C-0007,10000000000000000007,ChIJfix00007,true,consultorio_individual,activo,,,google_maps,true,sintetico-capital_principal,2026-09-01,2026-09-12
C-0008,10000000000000000008,ChIJfix00008,true,clinica_multisilla,activo,,,google_maps,true,sintetico-capital_principal,2026-09-01,2026-09-12
C-0009,10000000000000000009,ChIJfix00009,true,consultorio_individual,activo,,,google_maps,true,sintetico-capital_principal,2026-09-01,2026-09-12
C-0010,10000000000000000010,ChIJfix00010,true,consultorio_individual,activo,,,google_maps,true,sintetico-capital_principal,2026-09-01,2026-09-12
C-0011,10000000000000000011,ChIJfix00011,true,consultorio_individual,activo,,,google_maps,true,sintetico-capital_principal,2026-09-01,2026-09-12
C-0012,10000000000000000012,ChIJfix00012,true,consultorio_individual,activo,,,google_maps,true,sintetico-capital_principal,2026-09-01,2026-09-12
C-0013,10000000000000000013,ChIJfix00013,true,consultorio_individual,activo,,,google_maps,true,sintetico-capital_principal,2026-09-01,2026-09-12
C-0014,10000000000000000014,ChIJfix00014,true,consultorio_individual,activo,,,google_maps,true,sintetico-capital_principal,2026-09-01,2026-09-12
C-0015,10000000000000000015,ChIJfix00015,true,clinica_multisilla,activo,,,google_maps,true,sintetico-capital_principal,2026-09-01,2026-09-12
C-0016,10000000000000000016,ChIJfix00016,true,consultorio_individual,activo,,,google_maps,true,sintetico-capital_principal,2026-09-01,2026-09-12
C-0017,10000000000000000017,ChIJfix00017,true,consultorio_individual,activo,,,google_maps,true,sintetico-capital_principal,2026-09-01,2026-09-12
C-0018,10000000000000000018,ChIJfix00018,true,consultorio_individual,activo,,,google_maps,true,sintetico-capital_principal,2026-09-01,2026-09-12
C-0019,10000000000000000019,ChIJfix00019,true,clinica_multisilla,activo,,,google_maps,true,sintetico-capital_principal,2026-09-01,2026-09-12
C-0020,10000000000000000020,ChIJfix00020,true,consultorio_individual,activo,,,google_maps,true,sintetico-capital_principal,2026-09-01,2026-09-12
C-0021,10000000000000000021,ChIJfix00021,true,consultorio_individual,activo,,,google_maps,true,sintetico-capital_principal,2026-09-01,2026-09-12
C-0022,10000000000000000022,ChIJfix00022,true,consultorio_individual,activo,,,google_maps,true,sintetico-capital_principal,2026-09-01,2026-09-12
C-0023,10000000000000000023,ChIJfix00023,true,consultorio_individual,activo,,,google_maps,true,sintetico-capital_principal,2026-09-01,2026-09-12
C-0024,10000000000000000024,ChIJfix00024,true,consultorio_individual,activo,,,google_maps,true,sintetico-capital_principal,2026-09-01,2026-09-12
C-0025,10000000000000000025,ChIJfix00025,true,consultorio_individual,activo,,,google_maps,true,sintetico-capital_principal,2026-09-01,2026-09-12
C-0026,10000000000000000026,ChIJfix00026,true,consultorio_individual,activo,,,google_maps,true,sintetico-capital_principal,2026-09-01,2026-09-12
C-0027,10000000000000000027,ChIJfix00027,true,clinica_multisilla,activo,,,google_maps,true,sintetico-capital_principal,2026-09-01,2026-09-12
C-0028,10000000000000000028,ChIJfix00028,true,consultorio_individual,activo,,,google_maps,true,sintetico-capital_principal,2026-09-01,2026-09-12
C-0029,10000000000000000029,ChIJfix00029,true,consultorio_individual,activo,,,google_maps,true,sintetico-capital_principal,2026-09-01,2026-09-12
C-0030,10000000000000000030,ChIJfix00030,true,consultorio_individual,activo,,,google_maps,true,sintetico-capital_principal,2026-09-01,2026-09-12
C-0031,10000000000000000031,ChIJfix00031,true,consultorio_individual,activo,,,google_maps,true,sintetico-capital_principal,2026-09-01,2026-09-12
C-0032,10000000000000000032,ChIJfix00032,true,consultorio_individual,activo,,,google_maps,true,sintetico-capital_principal,2026-09-01,2026-09-12
C-0033,10000000000000000033,ChIJfix00033,true,clinica_multisilla,activo,,,google_maps,true,sintetico-capital_principal,2026-09-01,2026-09-12
C-0034,10000000000000000034,ChIJfix00034,true,consultorio_individual,activo,,,google_maps,true,sintetico-capital_principal,2026-09-01,2026-09-12
C-0035,10000000000000000035,ChIJfix00035,true,consultorio_individual,activo,,,google_maps,true,sintetico-capital_principal,2026-09-01,2026-09-12
C-0036,10000000000000000036,ChIJfix00036,true,consultorio_individual,activo,,,google_maps,true,sintetico-capital_principal,2026-09-01,2026-09-12
C-0037,10000000000000000037,ChIJfix00037,true,consultorio_individual,activo,,,google_maps,true,sintetico-capital_principal,2026-09-01,2026-09-12
C-0038,10000000000000000038,ChIJfix00038,true,consultorio_individual,activo,,,google_maps,true,sintetico-capital_principal,2026-09-01,2026-09-12
C-0039,10000000000000000039,ChIJfix00039,true,consultorio_individual,activo,,,google_maps,true,sintetico-capital_principal,2026-09-01,2026-09-12
C-0040,10000000000000000040,ChIJfix00040,true,consultorio_individual,activo,,,google_maps,true,sintetico-capital_principal,2026-09-01,2026-09-12
C-0041,10000000000000000041,ChIJfix00041,true,consultorio_individual,activo,,,google_maps,true,sintetico-capital_principal,2026-09-01,2026-09-12
C-0042,10000000000000000042,ChIJfix00042,true,consultorio_individual,activo,,,google_maps,true,sintetico-capital_principal,2026-09-01,2026-09-12
C-0043,10000000000000000043,ChIJfix00043,true,clinica_multisilla,activo,,,google_maps,true,sintetico-capital_principal,2026-09-01,2026-09-12
C-0044,10000000000000000044,ChIJfix00044,true,consultorio_individual,activo,,,google_maps,true,sintetico-capital_principal,2026-09-01,2026-09-12
C-0045,10000000000000000045,ChIJfix00045,true,consultorio_individual,activo,,,google_maps,true,sintetico-capital_principal,2026-09-01,2026-09-12
C-0046,10000000000000000046,ChIJfix00046,true,clinica_multisilla,activo,,,google_maps,true,sintetico-capital_principal,2026-09-01,2026-09-12
C-0047,10000000000000000047,ChIJfix00047,true,consultorio_individual,activo,,,google_maps,true,sintetico-capital_principal,2026-09-01,2026-09-12
C-0048,10000000000000000048,ChIJfix00048,true,clinica_multisilla,activo,,,google_maps,true,sintetico-capital_principal,2026-09-01,2026-09-12
C-0049,10000000000000000049,ChIJfix00049,true,consultorio_individual,activo,,,google_maps,true,sintetico-capital_principal,2026-09-01,2026-09-12
C-0050,10000000000000000050,ChIJfix00050,true,consultorio_individual,activo,,,google_maps,true,sintetico-capital_principal,2026-09-01,2026-09-12
C-0051,10000000000000000051,ChIJfix00051,true,consultorio_individual,activo,,,google_maps,true,sintetico-capital_principal,2026-09-01,2026-09-12
C-0052,10000000000000000052,ChIJfix00052,true,consultorio_individual,activo,,,google_maps,true,sintetico-capital_principal,2026-09-01,2026-09-12
C-0053,10000000000000000053,ChIJfix00053,true,consultorio_individual,activo,,,google_maps,true,sintetico-intermedia,2026-09-01,2026-09-12
C-0054,10000000000000000054,ChIJfix00054,true,consultorio_individual,activo,,,google_maps,true,sintetico-intermedia,2026-09-01,2026-09-12
C-0055,10000000000000000055,ChIJfix00055,true,consultorio_individual,activo,,,google_maps,true,sintetico-intermedia,2026-09-01,2026-09-12
C-0056,10000000000000000056,ChIJfix00056,true,consultorio_individual,activo,,,google_maps,true,sintetico-intermedia,2026-09-01,2026-09-12
C-0057,10000000000000000057,ChIJfix00057,true,consultorio_individual,activo,,,google_maps,true,sintetico-intermedia,2026-09-01,2026-09-12
C-0058,10000000000000000058,ChIJfix00058,true,clinica_multisilla,activo,,,google_maps,true,sintetico-intermedia,2026-09-01,2026-09-12
C-0059,10000000000000000059,ChIJfix00059,true,consultorio_individual,activo,,,google_maps,true,sintetico-intermedia,2026-09-01,2026-09-12
C-0060,10000000000000000060,ChIJfix00060,true,consultorio_individual,activo,,,google_maps,true,sintetico-intermedia,2026-09-01,2026-09-12
C-0061,10000000000000000061,ChIJfix00061,true,consultorio_individual,activo,,,google_maps,true,sintetico-intermedia,2026-09-01,2026-09-12
C-0062,10000000000000000062,ChIJfix00062,true,consultorio_individual,activo,,,google_maps,true,sintetico-intermedia,2026-09-01,2026-09-12
C-0063,10000000000000000063,ChIJfix00063,true,consultorio_individual,activo,,,google_maps,true,sintetico-intermedia,2026-09-01,2026-09-12
C-0064,10000000000000000064,ChIJfix00064,true,consultorio_individual,activo,,,google_maps,true,sintetico-intermedia,2026-09-01,2026-09-12
C-0065,10000000000000000065,ChIJfix00065,true,consultorio_individual,activo,,,google_maps,true,sintetico-intermedia,2026-09-01,2026-09-12
C-0066,10000000000000000066,ChIJfix00066,true,consultorio_individual,activo,,,google_maps,true,sintetico-intermedia,2026-09-01,2026-09-12
C-0067,10000000000000000067,ChIJfix00067,true,clinica_multisilla,activo,,,google_maps,true,sintetico-intermedia,2026-09-01,2026-09-12
C-0068,10000000000000000068,ChIJfix00068,true,clinica_multisilla,activo,,,google_maps,true,sintetico-intermedia,2026-09-01,2026-09-12
C-0069,10000000000000000069,ChIJfix00069,true,consultorio_individual,activo,,,google_maps,true,sintetico-intermedia,2026-09-01,2026-09-12
C-0070,10000000000000000070,ChIJfix00070,true,consultorio_individual,activo,,,google_maps,true,sintetico-intermedia,2026-09-01,2026-09-12
C-0071,10000000000000000071,ChIJfix00071,true,consultorio_individual,activo,,,google_maps,true,sintetico-intermedia,2026-09-01,2026-09-12
C-0072,10000000000000000072,ChIJfix00072,true,consultorio_individual,activo,,,google_maps,true,sintetico-intermedia,2026-09-01,2026-09-12
C-0073,10000000000000000073,ChIJfix00073,true,consultorio_individual,activo,,,google_maps,true,sintetico-intermedia,2026-09-01,2026-09-12
C-0074,10000000000000000074,ChIJfix00074,true,consultorio_individual,activo,,,google_maps,true,sintetico-intermedia,2026-09-01,2026-09-12
C-0075,10000000000000000075,ChIJfix00075,true,consultorio_individual,activo,,,google_maps,true,sintetico-intermedia,2026-09-01,2026-09-12
C-0076,10000000000000000076,ChIJfix00076,true,consultorio_individual,activo,,,google_maps,true,sintetico-intermedia,2026-09-01,2026-09-12
C-0077,10000000000000000077,ChIJfix00077,true,consultorio_individual,activo,,,google_maps,true,sintetico-intermedia,2026-09-01,2026-09-12
C-0078,10000000000000000078,ChIJfix00078,true,consultorio_individual,activo,,,google_maps,true,sintetico-intermedia,2026-09-01,2026-09-12
C-0079,10000000000000000079,ChIJfix00079,true,consultorio_individual,activo,,,google_maps,true,sintetico-intermedia,2026-09-01,2026-09-12
C-0080,10000000000000000080,ChIJfix00080,true,consultorio_individual,activo,,,google_maps,true,sintetico-intermedia,2026-09-01,2026-09-12
C-0081,10000000000000000081,ChIJfix00081,true,consultorio_individual,activo,,,google_maps,true,sintetico-intermedia,2026-09-01,2026-09-12
C-0082,10000000000000000082,ChIJfix00082,true,consultorio_individual,activo,,,google_maps,true,sintetico-intermedia,2026-09-01,2026-09-12
C-0083,10000000000000000083,ChIJfix00083,true,consultorio_individual,activo,,,google_maps,true,sintetico-intermedia,2026-09-01,2026-09-12
C-0084,10000000000000000084,ChIJfix00084,true,consultorio_individual,activo,,,google_maps,true,sintetico-intermedia,2026-09-01,2026-09-12
C-0085,10000000000000000085,ChIJfix00085,true,consultorio_individual,activo,,,google_maps,true,sintetico-intermedia,2026-09-01,2026-09-12
C-0086,10000000000000000086,ChIJfix00086,true,consultorio_individual,activo,,,google_maps,true,sintetico-intermedia,2026-09-01,2026-09-12
C-0087,10000000000000000087,ChIJfix00087,true,consultorio_individual,activo,,,google_maps,true,sintetico-intermedia,2026-09-01,2026-09-12
C-0088,10000000000000000088,ChIJfix00088,true,consultorio_individual,activo,,,google_maps,true,sintetico-intermedia,2026-09-01,2026-09-12
C-0089,10000000000000000089,ChIJfix00089,true,consultorio_individual,activo,,,google_maps,true,sintetico-intermedia,2026-09-01,2026-09-12
C-0090,10000000000000000090,ChIJfix00090,true,consultorio_individual,activo,,,google_maps,true,sintetico-intermedia,2026-09-01,2026-09-12
C-0091,10000000000000000091,ChIJfix00091,true,consultorio_individual,activo,,,google_maps,true,sintetico-intermedia,2026-09-01,2026-09-12
C-0092,10000000000000000092,ChIJfix00092,true,consultorio_individual,activo,,,google_maps,true,sintetico-intermedia,2026-09-01,2026-09-12
C-0093,10000000000000000093,ChIJfix00093,true,clinica_multisilla,activo,,,google_maps,true,sintetico-intermedia,2026-09-01,2026-09-12
C-0094,10000000000000000094,ChIJfix00094,true,consultorio_individual,activo,,,google_maps,true,sintetico-intermedia,2026-09-01,2026-09-12
C-0095,10000000000000000095,ChIJfix00095,true,consultorio_individual,activo,,,google_maps,true,sintetico-intermedia,2026-09-01,2026-09-12
C-0096,10000000000000000096,ChIJfix00096,true,consultorio_individual,activo,,,google_maps,true,sintetico-intermedia,2026-09-01,2026-09-12
C-0097,10000000000000000097,ChIJfix00097,true,consultorio_individual,activo,,,google_maps,true,sintetico-intermedia,2026-09-01,2026-09-12
C-0098,10000000000000000098,ChIJfix00098,true,consultorio_individual,activo,,,google_maps,true,sintetico-intermedia,2026-09-01,2026-09-12
C-0099,10000000000000000099,ChIJfix00099,true,consultorio_individual,activo,,,google_maps,true,sintetico-intermedia,2026-09-01,2026-09-12
C-0100,10000000000000000100,ChIJfix00100,true,clinica_multisilla,activo,,,google_maps,true,sintetico-intermedia,2026-09-01,2026-09-12
C-0101,10000000000000000101,ChIJfix00101,true,consultorio_individual,activo,,,google_maps,true,sintetico-intermedia,2026-09-01,2026-09-12
C-0102,10000000000000000102,ChIJfix00102,true,consultorio_individual,activo,,,google_maps,true,sintetico-intermedia,2026-09-01,2026-09-12
C-0103,10000000000000000103,ChIJfix00103,true,consultorio_individual,activo,,,google_maps,true,sintetico-intermedia,2026-09-01,2026-09-12
C-0104,10000000000000000104,ChIJfix00104,true,clinica_multisilla,activo,,,google_maps,true,sintetico-intermedia,2026-09-01,2026-09-12
C-0105,10000000000000000105,ChIJfix00105,true,consultorio_individual,activo,,,google_maps,true,sintetico-intermedia,2026-09-01,2026-09-12
C-0106,10000000000000000106,ChIJfix00106,true,consultorio_individual,activo,,,google_maps,true,sintetico-intermedia,2026-09-01,2026-09-12
C-0107,10000000000000000107,ChIJfix00107,true,consultorio_individual,activo,,,google_maps,true,sintetico-intermedia,2026-09-01,2026-09-12
C-0108,10000000000000000108,ChIJfix00108,true,clinica_multisilla,activo,,,google_maps,true,sintetico-intermedia,2026-09-01,2026-09-12
C-0109,10000000000000000109,ChIJfix00109,true,consultorio_individual,activo,,,google_maps,true,sintetico-intermedia,2026-09-01,2026-09-12
C-0110,10000000000000000110,ChIJfix00110,true,consultorio_individual,activo,,,google_maps,true,sintetico-intermedia,2026-09-01,2026-09-12
C-0111,10000000000000000111,ChIJfix00111,true,consultorio_individual,activo,,,google_maps,true,sintetico-intermedia,2026-09-01,2026-09-12
C-0112,10000000000000000112,ChIJfix00112,true,clinica_multisilla,activo,,,google_maps,true,sintetico-intermedia,2026-09-01,2026-09-12
C-0113,10000000000000000113,ChIJfix00113,true,consultorio_individual,activo,,,google_maps,true,sintetico-intermedia,2026-09-01,2026-09-12
C-0114,10000000000000000114,ChIJfix00114,true,consultorio_individual,activo,,,google_maps,true,sintetico-intermedia,2026-09-01,2026-09-12
C-0115,10000000000000000115,ChIJfix00115,true,consultorio_individual,activo,,,google_maps,true,sintetico-intermedia,2026-09-01,2026-09-12
C-0116,10000000000000000116,ChIJfix00116,true,consultorio_individual,activo,,,google_maps,true,sintetico-intermedia,2026-09-01,2026-09-12
C-0117,10000000000000000117,ChIJfix00117,true,consultorio_individual,activo,,,google_maps,true,sintetico-intermedia,2026-09-01,2026-09-12
C-0118,10000000000000000118,ChIJfix00118,true,consultorio_individual,activo,,,google_maps,true,sintetico-intermedia,2026-09-01,2026-09-12
C-0119,10000000000000000119,ChIJfix00119,true,consultorio_individual,activo,,,google_maps,true,sintetico-intermedia,2026-09-01,2026-09-12
C-0120,10000000000000000120,ChIJfix00120,true,consultorio_individual,activo,,,google_maps,true,sintetico-intermedia,2026-09-01,2026-09-12
C-0121,10000000000000000121,ChIJfix00121,true,consultorio_individual,activo,,,google_maps,true,sintetico-intermedia,2026-09-01,2026-09-12
C-0122,10000000000000000122,ChIJfix00122,true,consultorio_individual,activo,,,google_maps,true,sintetico-intermedia,2026-09-01,2026-09-12
C-0123,10000000000000000123,ChIJfix00123,true,clinica_multisilla,activo,,,google_maps,true,sintetico-intermedia,2026-09-01,2026-09-12
C-0124,10000000000000000124,ChIJfix00124,true,clinica_multisilla,activo,,,google_maps,true,sintetico-intermedia,2026-09-01,2026-09-12
C-0125,10000000000000000125,ChIJfix00125,true,consultorio_individual,activo,,,google_maps,true,sintetico-intermedia,2026-09-01,2026-09-12
C-0126,10000000000000000126,ChIJfix00126,true,consultorio_individual,activo,,,google_maps,true,sintetico-intermedia,2026-09-01,2026-09-12
C-0127,10000000000000000127,ChIJfix00127,true,consultorio_individual,activo,,,google_maps,true,sintetico-intermedia,2026-09-01,2026-09-12
C-0128,10000000000000000128,ChIJfix00128,true,consultorio_individual,activo,,,google_maps,true,sintetico-intermedia,2026-09-01,2026-09-12
C-0129,10000000000000000129,ChIJfix00129,true,consultorio_individual,activo,,,google_maps,true,sintetico-intermedia,2026-09-01,2026-09-12
C-0130,10000000000000000130,ChIJfix00130,true,clinica_multisilla,activo,,,google_maps,true,sintetico-intermedia,2026-09-01,2026-09-12
C-0131,10000000000000000131,ChIJfix00131,true,consultorio_individual,activo,,,google_maps,true,sintetico-intermedia,2026-09-01,2026-09-12
C-0132,10000000000000000132,ChIJfix00132,true,consultorio_individual,activo,,,google_maps,true,sintetico-intermedia,2026-09-01,2026-09-12
C-0133,10000000000000000133,ChIJfix00133,true,consultorio_individual,activo,,,google_maps,true,sintetico-intermedia,2026-09-01,2026-09-12
C-0134,10000000000000000134,ChIJfix00134,true,clinica_multisilla,activo,,,google_maps,true,sintetico-intermedia,2026-09-01,2026-09-12
C-0135,10000000000000000135,ChIJfix00135,true,clinica_multisilla,activo,,,google_maps,true,sintetico-intermedia,2026-09-01,2026-09-12
C-0136,10000000000000000136,ChIJfix00136,true,consultorio_individual,activo,,,google_maps,true,sintetico-intermedia,2026-09-01,2026-09-12
C-0137,10000000000000000137,ChIJfix00137,true,consultorio_individual,activo,,,google_maps,true,sintetico-capital_departamental,2026-09-01,2026-09-12
C-0138,10000000000000000138,ChIJfix00138,true,consultorio_individual,activo,,,google_maps,true,sintetico-capital_departamental,2026-09-01,2026-09-12
C-0139,10000000000000000139,ChIJfix00139,true,consultorio_individual,activo,,,google_maps,true,sintetico-capital_departamental,2026-09-01,2026-09-12
C-0140,10000000000000000140,ChIJfix00140,true,consultorio_individual,activo,,,google_maps,true,sintetico-capital_departamental,2026-09-01,2026-09-12
C-0141,10000000000000000141,ChIJfix00141,true,consultorio_individual,activo,,,google_maps,true,sintetico-capital_departamental,2026-09-01,2026-09-12
C-0142,10000000000000000142,ChIJfix00142,true,consultorio_individual,activo,,,google_maps,true,sintetico-capital_departamental,2026-09-01,2026-09-12
C-0143,10000000000000000143,ChIJfix00143,true,consultorio_individual,activo,,,google_maps,true,sintetico-capital_departamental,2026-09-01,2026-09-12
C-0144,10000000000000000144,ChIJfix00144,true,consultorio_individual,activo,,,google_maps,true,sintetico-capital_departamental,2026-09-01,2026-09-12
C-0145,10000000000000000145,ChIJfix00145,true,consultorio_individual,activo,,,google_maps,true,sintetico-capital_departamental,2026-09-01,2026-09-12
C-0146,10000000000000000146,ChIJfix00146,true,consultorio_individual,activo,,,google_maps,true,sintetico-capital_departamental,2026-09-01,2026-09-12
C-0147,10000000000000000147,ChIJfix00147,true,consultorio_individual,activo,,,google_maps,true,sintetico-capital_departamental,2026-09-01,2026-09-12
C-0148,10000000000000000148,ChIJfix00148,true,consultorio_individual,activo,,,google_maps,true,sintetico-capital_departamental,2026-09-01,2026-09-12
C-0149,10000000000000000149,ChIJfix00149,true,consultorio_individual,activo,,,google_maps,true,sintetico-capital_departamental,2026-09-01,2026-09-12
C-0150,10000000000000000150,ChIJfix00150,true,consultorio_individual,activo,,,google_maps,true,sintetico-capital_departamental,2026-09-01,2026-09-12
C-0151,10000000000000000151,ChIJfix00151,true,consultorio_individual,activo,,,google_maps,true,sintetico-capital_departamental,2026-09-01,2026-09-12
C-0152,10000000000000000152,ChIJfix00152,true,consultorio_individual,activo,,,google_maps,true,sintetico-capital_departamental,2026-09-01,2026-09-12
C-0153,10000000000000000153,ChIJfix00153,true,consultorio_individual,activo,,,google_maps,true,sintetico-capital_departamental,2026-09-01,2026-09-12
C-0154,10000000000000000154,ChIJfix00154,true,consultorio_individual,activo,,,google_maps,true,sintetico-capital_departamental,2026-09-01,2026-09-12
C-0155,10000000000000000155,ChIJfix00155,true,consultorio_individual,activo,,,google_maps,true,sintetico-capital_departamental,2026-09-01,2026-09-12
C-0156,10000000000000000156,ChIJfix00156,true,consultorio_individual,activo,,,google_maps,true,sintetico-capital_departamental,2026-09-01,2026-09-12
C-0157,10000000000000000157,ChIJfix00157,true,consultorio_individual,activo,,,google_maps,true,sintetico-capital_departamental,2026-09-01,2026-09-12
C-0158,10000000000000000158,ChIJfix00158,true,consultorio_individual,activo,,,google_maps,true,sintetico-capital_departamental,2026-09-01,2026-09-12
C-0159,10000000000000000159,ChIJfix00159,true,consultorio_individual,activo,,,google_maps,true,sintetico-capital_departamental,2026-09-01,2026-09-12
C-0160,10000000000000000160,ChIJfix00160,true,consultorio_individual,activo,,,google_maps,true,sintetico-capital_departamental,2026-09-01,2026-09-12
C-0161,10000000000000000161,ChIJfix00161,true,consultorio_individual,activo,,,google_maps,true,sintetico-capital_departamental,2026-09-01,2026-09-12
C-0162,10000000000000000162,ChIJfix00162,true,consultorio_individual,activo,,,google_maps,true,sintetico-capital_departamental,2026-09-01,2026-09-12
C-0163,10000000000000000163,ChIJfix00163,true,consultorio_individual,activo,,,google_maps,true,sintetico-capital_departamental,2026-09-01,2026-09-12
C-0164,10000000000000000164,ChIJfix00164,true,consultorio_individual,activo,,,google_maps,true,sintetico-capital_departamental,2026-09-01,2026-09-12
C-0165,10000000000000000165,ChIJfix00165,true,consultorio_individual,activo,,,google_maps,true,sintetico-capital_departamental,2026-09-01,2026-09-12
C-0166,10000000000000000166,ChIJfix00166,true,consultorio_individual,activo,,,google_maps,true,sintetico-capital_departamental,2026-09-01,2026-09-12
C-0167,10000000000000000167,ChIJfix00167,true,consultorio_individual,activo,,,google_maps,true,sintetico-capital_departamental,2026-09-01,2026-09-12
C-0168,10000000000000000168,ChIJfix00168,true,consultorio_individual,activo,,,google_maps,true,sintetico-capital_departamental,2026-09-01,2026-09-12
C-0169,10000000000000000169,ChIJfix00169,true,consultorio_individual,activo,,,google_maps,true,sintetico-capital_departamental,2026-09-01,2026-09-12
C-0170,10000000000000000170,ChIJfix00170,true,consultorio_individual,activo,,,google_maps,true,sintetico-capital_departamental,2026-09-01,2026-09-12
C-0171,10000000000000000171,ChIJfix00171,true,consultorio_individual,activo,,,google_maps,true,sintetico-capital_departamental,2026-09-01,2026-09-12
C-0172,10000000000000000172,ChIJfix00172,true,consultorio_individual,activo,,,google_maps,true,sintetico-capital_departamental,2026-09-01,2026-09-12
C-0173,10000000000000000173,ChIJfix00173,true,consultorio_individual,activo,,,google_maps,true,sintetico-capital_departamental,2026-09-01,2026-09-12
C-0174,10000000000000000174,ChIJfix00174,true,clinica_multisilla,activo,,,google_maps,true,sintetico-capital_departamental,2026-09-01,2026-09-12
C-0175,10000000000000000175,ChIJfix00175,true,consultorio_individual,activo,,,google_maps,true,sintetico-capital_departamental,2026-09-01,2026-09-12
C-0176,10000000000000000176,ChIJfix00176,true,consultorio_individual,activo,,,google_maps,true,sintetico-capital_departamental,2026-09-01,2026-09-12
C-0177,10000000000000000177,ChIJfix00177,true,clinica_multisilla,activo,,,google_maps,true,sintetico-capital_departamental,2026-09-01,2026-09-12
C-0178,10000000000000000178,ChIJfix00178,true,consultorio_individual,activo,,,google_maps,true,sintetico-capital_departamental,2026-09-01,2026-09-12
C-0179,10000000000000000179,ChIJfix00179,true,consultorio_individual,activo,,,google_maps,true,sintetico-capital_departamental,2026-09-01,2026-09-12
C-0180,10000000000000000180,ChIJfix00180,true,consultorio_individual,activo,,,google_maps,true,sintetico-capital_departamental,2026-09-01,2026-09-12
C-0181,10000000000000000181,ChIJfix00181,true,clinica_multisilla,activo,,,google_maps,true,sintetico-capital_departamental,2026-09-01,2026-09-12
C-0182,10000000000000000182,ChIJfix00182,true,consultorio_individual,activo,,,google_maps,true,sintetico-capital_departamental,2026-09-01,2026-09-12
C-0183,10000000000000000183,ChIJfix00183,true,consultorio_individual,activo,,,google_maps,true,sintetico-capital_departamental,2026-09-01,2026-09-12
C-0184,10000000000000000184,ChIJfix00184,true,consultorio_individual,activo,,,google_maps,true,sintetico-capital_departamental,2026-09-01,2026-09-12
C-0185,10000000000000000185,ChIJfix00185,true,consultorio_individual,activo,,,google_maps,true,sintetico-capital_departamental,2026-09-01,2026-09-12
C-0186,10000000000000000186,ChIJfix00186,true,consultorio_individual,activo,,,google_maps,true,sintetico-capital_departamental,2026-09-01,2026-09-12
C-0187,10000000000000000187,ChIJfix00187,true,clinica_multisilla,activo,,,google_maps,true,sintetico-capital_departamental,2026-09-01,2026-09-12
C-0188,10000000000000000188,ChIJfix00188,true,consultorio_individual,activo,,,google_maps,true,sintetico-capital_departamental,2026-09-01,2026-09-12
C-0189,10000000000000000189,ChIJfix00189,true,clinica_multisilla,activo,,,google_maps,true,sintetico-capital_departamental,2026-09-01,2026-09-12
C-0190,10000000000000000190,ChIJfix00190,true,consultorio_individual,activo,,,google_maps,true,sintetico-capital_departamental,2026-09-01,2026-09-12
C-0191,10000000000000000191,ChIJfix00191,true,clinica_multisilla,activo,,,google_maps,true,sintetico-capital_departamental,2026-09-01,2026-09-12
C-0192,10000000000000000192,ChIJfix00192,true,clinica_multisilla,activo,,,google_maps,true,sintetico-capital_departamental,2026-09-01,2026-09-12
C-0193,10000000000000000193,ChIJfix00193,true,consultorio_individual,activo,,,google_maps,true,sintetico-capital_departamental,2026-09-01,2026-09-12
C-0194,10000000000000000194,ChIJfix00194,true,consultorio_individual,activo,,,google_maps,true,sintetico-capital_departamental,2026-09-01,2026-09-12
C-0195,10000000000000000195,ChIJfix00195,true,consultorio_individual,activo,,,google_maps,true,sintetico-capital_departamental,2026-09-01,2026-09-12
C-0196,10000000000000000196,ChIJfix00196,true,consultorio_individual,activo,,,google_maps,true,sintetico-capital_departamental,2026-09-01,2026-09-12
C-0197,10000000000000000197,ChIJfix00197,true,consultorio_individual,activo,,,google_maps,true,sintetico-capital_departamental,2026-09-01,2026-09-12
C-0198,10000000000000000198,ChIJfix00198,true,consultorio_individual,activo,,,google_maps,true,sintetico-capital_departamental,2026-09-01,2026-09-12
C-0199,10000000000000000199,ChIJfix00199,true,consultorio_individual,activo,,,google_maps,true,sintetico-capital_departamental,2026-09-01,2026-09-12
C-0200,10000000000000000200,ChIJfix00200,true,consultorio_individual,activo,,,google_maps,true,sintetico-capital_departamental,2026-09-01,2026-09-12
X-001,90000000000000000001,,true,,duplicado,C-0004,mismo telefono,google_maps,false,,2026-09-01,
X-002,90000000000000000002,,true,,duplicado,C-0004,mismo telefono,google_maps,false,,2026-09-01,
X-003,90000000000000000003,,true,,duplicado,C-0004,mismo telefono,google_maps,false,,2026-09-01,
X-004,90000000000000000004,,true,,duplicado,C-0004,mismo telefono,google_maps,false,,2026-09-01,
X-005,90000000000000000005,,true,,cerrado,,,google_maps,false,,2026-09-01,
X-006,90000000000000000006,,true,,cerrado,,,google_maps,false,,2026-09-01,
X-007,90000000000000000007,,true,,cerrado,,,google_maps,false,,2026-09-01,
X-008,90000000000000000008,,true,,fuera_de_alcance,,,google_maps,false,,2026-09-01,
X-009,90000000000000000009,,true,,fuera_de_alcance,,,google_maps,false,,2026-09-01,
X-010,90000000000000000010,,true,,fuera_de_alcance,,,google_maps,false,,2026-09-01,
X-011,90000000000000000011,,false,,activo,,,google_maps,false,,2026-09-01,
X-012,90000000000000000012,,false,,activo,,,google_maps,false,,2026-09-01,
